item_id,type,title,location,latitude,longitude,published_at,start_date,end_date,weight,domain,url
NE-0001,news,Two-wheelers stolen overnight from parking near GIFT City,GIFT City,23.1645,72.682,2026-03-19T10:43:00,2026-03-19,2026-03-19,1.0,synthetic,
NE-0002,news,Bike-borne duo snatch gold chain near Sector 16 Commercial,Sector 16 Commercial,23.228,72.642,2026-03-23T19:47:00,2026-03-23,2026-03-23,1.0,synthetic,
NE-0003,news,Chain snatching near GIFT City; evening patrols stepped up,GIFT City,23.1645,72.682,2026-03-24T03:35:00,2026-03-24,2026-03-24,1.0,synthetic,
NE-0004,news,Chain snatching near GIFT City; evening patrols stepped up,GIFT City,23.1645,72.682,2026-03-26T07:58:00,2026-03-26,2026-03-26,1.0,synthetic,
NE-0005,festival,Ram Navami procession — Sector 21,Sector 21 Market,23.22,72.65,2026-03-26T08:00:00,2026-03-26,2026-03-26,0.6,calendar,
NE-0006,news,Chain snatching near Infocity; evening patrols stepped up,Infocity,23.188,72.629,2026-03-30T05:08:00,2026-03-30,2026-03-30,1.0,synthetic,
NE-0007,news,Shop theft reported near Akshardham (Sector 20); police scan CCTV footage,Akshardham (Sector 20),23.238,72.66,2026-03-31T09:42:00,2026-03-31,2026-03-31,1.0,synthetic,
NE-0008,news,Daytime burglary near Infocity prompts society patrol request,Infocity,23.188,72.629,2026-04-05T19:56:00,2026-04-05,2026-04-05,1.0,synthetic,
NE-0009,news,Residents flag repeated thefts around Kudasan,Kudasan,23.192,72.636,2026-04-05T21:57:00,2026-04-05,2026-04-05,1.0,synthetic,
NE-0010,news,Locked house burgled near Sargasan Crossroads while family was away,Sargasan Crossroads,23.17,72.63,2026-04-07T02:30:00,2026-04-07,2026-04-07,1.0,synthetic,
NE-0011,news,Two-wheelers stolen overnight from parking near Akshardham (Sector 20),Akshardham (Sector 20),23.238,72.66,2026-04-08T04:29:00,2026-04-08,2026-04-08,1.0,synthetic,
NE-0012,news,Locked house burgled near Akshardham (Sector 20) while family was away,Akshardham (Sector 20),23.238,72.66,2026-04-11T21:08:00,2026-04-11,2026-04-11,1.0,synthetic,
NE-0013,news,Locked house burgled near Sector 21 Market while family was away,Sector 21 Market,23.22,72.65,2026-04-12T23:47:00,2026-04-12,2026-04-12,1.0,synthetic,
NE-0014,news,Pickpockets target crowded stretch near Infocity,Infocity,23.188,72.629,2026-04-18T02:54:00,2026-04-18,2026-04-18,1.0,synthetic,
NE-0015,news,Commuters warned after mobile snatching near GIFT City,GIFT City,23.1645,72.682,2026-04-18T03:58:00,2026-04-18,2026-04-18,1.0,synthetic,
NE-0016,news,Pickpockets target crowded stretch near Sector 16 Commercial,Sector 16 Commercial,23.228,72.642,2026-04-20T12:24:00,2026-04-20,2026-04-20,1.0,synthetic,
NE-0017,news,Commuters warned after mobile snatching near GIFT City,GIFT City,23.1645,72.682,2026-04-26T23:04:00,2026-04-26,2026-04-26,1.0,synthetic,
NE-0018,news,Pickpockets target crowded stretch near Infocity,Infocity,23.188,72.629,2026-04-27T01:03:00,2026-04-27,2026-04-27,1.0,synthetic,
NE-0019,news,Vehicle theft complaints rise around Infocity,Infocity,23.188,72.629,2026-04-28T04:47:00,2026-04-28,2026-04-28,1.0,synthetic,
NE-0020,news,Daytime burglary near Sector 16 Commercial prompts society patrol request,Sector 16 Commercial,23.228,72.642,2026-05-01T19:02:00,2026-05-01,2026-05-01,1.0,synthetic,
NE-0021,news,Bike-borne duo snatch gold chain near Kudasan,Kudasan,23.192,72.636,2026-05-03T12:00:00,2026-05-03,2026-05-03,1.0,synthetic,
NE-0022,news,Commuters warned after mobile snatching near Kudasan,Kudasan,23.192,72.636,2026-05-04T09:54:00,2026-05-04,2026-05-04,1.0,synthetic,
NE-0023,event,Summer night market — Kudasan,Kudasan,23.192,72.636,2026-05-08T08:00:00,2026-05-08,2026-05-10,0.5,calendar,
NE-0024,news,Shop theft reported near GIFT City; police scan CCTV footage,GIFT City,23.1645,72.682,2026-05-10T10:54:00,2026-05-10,2026-05-10,1.0,synthetic,
NE-0025,news,Pickpockets target crowded stretch near Akshardham (Sector 20),Akshardham (Sector 20),23.238,72.66,2026-05-10T13:48:00,2026-05-10,2026-05-10,1.0,synthetic,
NE-0026,news,Locked house burgled near Sargasan Crossroads while family was away,Sargasan Crossroads,23.17,72.63,2026-05-10T20:57:00,2026-05-10,2026-05-10,1.0,synthetic,
NE-0027,news,Robbery reported near Sector 7 Secretariat; suspects flee on motorcycle,Sector 7 Secretariat,23.212,72.632,2026-05-14T23:01:00,2026-05-14,2026-05-14,1.0,synthetic,
NE-0028,news,Residents flag repeated thefts around GIFT City,GIFT City,23.1645,72.682,2026-05-17T01:51:00,2026-05-17,2026-05-17,1.0,synthetic,
NE-0029,news,Commuters warned after mobile snatching near Sector 16 Commercial,Sector 16 Commercial,23.228,72.642,2026-05-17T08:18:00,2026-05-17,2026-05-17,1.0,synthetic,
NE-0030,news,Robbery reported near Sector 7 Secretariat; suspects flee on motorcycle,Sector 7 Secretariat,23.212,72.632,2026-05-23T02:46:00,2026-05-23,2026-05-23,1.0,synthetic,
NE-0031,news,Pickpockets target crowded stretch near Akshardham (Sector 20),Akshardham (Sector 20),23.238,72.66,2026-05-25T05:02:00,2026-05-25,2026-05-25,1.0,synthetic,
NE-0032,news,Daytime burglary near GIFT City prompts society patrol request,GIFT City,23.1645,72.682,2026-05-25T20:13:00,2026-05-25,2026-05-25,1.0,synthetic,
NE-0033,news,Vehicle theft complaints rise around Sector 21 Market,Sector 21 Market,23.22,72.65,2026-05-29T07:36:00,2026-05-29,2026-05-29,1.0,synthetic,
NE-0034,news,Residents flag repeated thefts around Sector 7 Secretariat,Sector 7 Secretariat,23.212,72.632,2026-05-30T01:52:00,2026-05-30,2026-05-30,1.0,synthetic,
NE-0035,news,Locked house burgled near Sector 21 Market while family was away,Sector 21 Market,23.22,72.65,2026-05-30T23:41:00,2026-05-30,2026-05-30,1.0,synthetic,
NE-0036,news,Vehicle theft complaints rise around Sargasan Crossroads,Sargasan Crossroads,23.17,72.63,2026-06-05T08:47:00,2026-06-05,2026-06-05,1.0,synthetic,
NE-0037,news,Phone snatch reported near GIFT City during evening rush,GIFT City,23.1645,72.682,2026-06-08T14:08:00,2026-06-08,2026-06-08,1.0,synthetic,
NE-0038,news,Residents flag repeated thefts around Sector 21 Market,Sector 21 Market,23.22,72.65,2026-06-09T06:33:00,2026-06-09,2026-06-09,1.0,synthetic,
NE-0039,news,Locked house burgled near Akshardham (Sector 20) while family was away,Akshardham (Sector 20),23.238,72.66,2026-06-14T19:46:00,2026-06-14,2026-06-14,1.0,synthetic,
NE-0040,news,Robbery reported near Infocity; suspects flee on motorcycle,Infocity,23.188,72.629,2026-06-15T01:48:00,2026-06-15,2026-06-15,1.0,synthetic,
NE-0041,news,Late-night assault near Akshardham (Sector 20); two detained,Akshardham (Sector 20),23.238,72.66,2026-06-15T04:53:00,2026-06-15,2026-06-15,1.0,synthetic,
NE-0042,news,Chain snatching near Sector 21 Market; evening patrols stepped up,Sector 21 Market,23.22,72.65,2026-06-19T05:23:00,2026-06-19,2026-06-19,1.0,synthetic,
NE-0043,news,Shop theft reported near Akshardham (Sector 20); police scan CCTV footage,Akshardham (Sector 20),23.238,72.66,2026-06-21T03:54:00,2026-06-21,2026-06-21,1.0,synthetic,
NE-0044,news,Two-wheelers stolen overnight from parking near Sector 21 Market,Sector 21 Market,23.22,72.65,2026-06-22T09:52:00,2026-06-22,2026-06-22,1.0,synthetic,
NE-0045,advisory,Monsoon waterlogging advisory — Sargasan,Sargasan Crossroads,23.17,72.63,2026-06-24T08:00:00,2026-06-24,2026-06-27,0.4,calendar,
NE-0046,news,Late-night assault near Infocity; two detained,Infocity,23.188,72.629,2026-06-29T00:58:00,2026-06-29,2026-06-29,1.0,synthetic,
NE-0047,news,Chain snatching near Infocity; evening patrols stepped up,Infocity,23.188,72.629,2026-06-29T04:01:00,2026-06-29,2026-06-29,1.0,synthetic,
NE-0048,news,Shop theft reported near Sector 21 Market; police scan CCTV footage,Sector 21 Market,23.22,72.65,2026-06-29T10:15:00,2026-06-29,2026-06-29,1.0,synthetic,
NE-0049,news,Pickpockets target crowded stretch near Akshardham (Sector 20),Akshardham (Sector 20),23.238,72.66,2026-07-02T19:31:00,2026-07-02,2026-07-02,1.0,synthetic,
NE-0050,news,Shop theft reported near Kudasan; police scan CCTV footage,Kudasan,23.192,72.636,2026-07-04T04:22:00,2026-07-04,2026-07-04,1.0,synthetic,
NE-0051,news,Residents flag repeated thefts around Akshardham (Sector 20),Akshardham (Sector 20),23.238,72.66,2026-07-06T01:11:00,2026-07-06,2026-07-06,1.0,synthetic,
NE-0052,news,Residents flag repeated thefts around Sector 21 Market,Sector 21 Market,23.22,72.65,2026-07-09T16:27:00,2026-07-09,2026-07-09,1.0,synthetic,
NE-0053,news,Bike-borne duo snatch gold chain near Akshardham (Sector 20),Akshardham (Sector 20),23.238,72.66,2026-07-12T21:37:00,2026-07-12,2026-07-12,1.0,synthetic,
NE-0054,news,Residents flag repeated thefts around Akshardham (Sector 20),Akshardham (Sector 20),23.238,72.66,2026-07-13T00:33:00,2026-07-13,2026-07-13,1.0,synthetic,
NE-0055,festival,Rath Yatra route bandobast — Sector 7,Sector 7 Secretariat,23.212,72.632,2026-07-16T08:00:00,2026-07-16,2026-07-16,0.7,calendar,
NE-0056,news,Bike-borne duo snatch gold chain near Akshardham (Sector 20),Akshardham (Sector 20),23.238,72.66,2026-07-18T00:52:00,2026-07-18,2026-07-18,1.0,synthetic,
NE-0057,event,Sector 21 Cultural Mela,Sector 21 Market,23.22,72.65,2026-07-19T08:00:00,2026-07-19,2026-07-19,0.8,calendar,
NE-0058,news,Vehicle theft complaints rise around Akshardham (Sector 20),Akshardham (Sector 20),23.238,72.66,2026-07-19T10:56:00,2026-07-19,2026-07-19,1.0,synthetic,
NE-0059,news,Residents flag repeated thefts around Akshardham (Sector 20),Akshardham (Sector 20),23.238,72.66,2026-07-20T17:05:00,2026-07-20,2026-07-20,1.0,synthetic,
NE-0060,news,Phone snatch reported near Akshardham (Sector 20) during evening rush,Akshardham (Sector 20),23.238,72.66,2026-07-24T03:54:00,2026-07-24,2026-07-24,1.0,synthetic,
NE-0061,news,Commuters warned after mobile snatching near Sector 21 Market,Sector 21 Market,23.22,72.65,2026-07-26T03:52:00,2026-07-26,2026-07-26,1.0,synthetic,
NE-0062,news,Daytime burglary near GIFT City prompts society patrol request,GIFT City,23.1645,72.682,2026-07-27T17:33:00,2026-07-27,2026-07-27,1.0,synthetic,
NE-0063,news,Residents flag repeated thefts around Akshardham (Sector 20),Akshardham (Sector 20),23.238,72.66,2026-07-30T01:44:00,2026-07-30,2026-07-30,1.0,synthetic,
NE-0064,news,Two-wheelers stolen overnight from parking near Akshardham (Sector 20),Akshardham (Sector 20),23.238,72.66,2026-07-30T11:08:00,2026-07-30,2026-07-30,1.0,synthetic,
NE-0065,news,Pickpockets target crowded stretch near Infocity,Infocity,23.188,72.629,2026-08-03T21:44:00,2026-08-03,2026-08-03,1.0,synthetic,
NE-0066,news,Bike-borne duo snatch gold chain near Akshardham (Sector 20),Akshardham (Sector 20),23.238,72.66,2026-08-07T00:14:00,2026-08-07,2026-08-07,1.0,synthetic,
NE-0067,news,Locked house burgled near GIFT City while family was away,GIFT City,23.1645,72.682,2026-08-09T07:52:00,2026-08-09,2026-08-09,1.0,synthetic,
NE-0068,news,Daytime burglary near Kudasan prompts society patrol request,Kudasan,23.192,72.636,2026-08-10T22:47:00,2026-08-10,2026-08-10,1.0,synthetic,
NE-0069,news,Harassment complaints near Akshardham (Sector 20) lead to extra beat patrols,Akshardham (Sector 20),23.238,72.66,2026-08-15T02:26:00,2026-08-15,2026-08-15,1.0,synthetic,
NE-0070,event,GIFT City Tech Expo,GIFT City,23.1645,72.682,2026-08-15T08:00:00,2026-08-15,2026-08-15,0.8,calendar,
NE-0071,event,Independence Day parade — Sector 16,Sector 16 Commercial,23.228,72.642,2026-08-15T08:00:00,2026-08-15,2026-08-15,0.6,calendar,
NE-0072,news,Shop theft reported near Sector 16 Commercial; police scan CCTV footage,Sector 16 Commercial,23.228,72.642,2026-08-15T23:44:00,2026-08-15,2026-08-15,1.0,synthetic,
NE-0073,news,Shop theft reported near Sector 7 Secretariat; police scan CCTV footage,Sector 7 Secretariat,23.212,72.632,2026-08-16T23:47:00,2026-08-16,2026-08-16,1.0,synthetic,
NE-0074,news,Shop theft reported near Sector 7 Secretariat; police scan CCTV footage,Sector 7 Secretariat,23.212,72.632,2026-08-22T23:28:00,2026-08-22,2026-08-22,1.0,synthetic,
NE-0075,news,Pickpockets target crowded stretch near Kudasan,Kudasan,23.192,72.636,2026-08-23T10:24:00,2026-08-23,2026-08-23,1.0,synthetic,
NE-0076,news,Locked house burgled near Kudasan while family was away,Kudasan,23.192,72.636,2026-08-23T20:20:00,2026-08-23,2026-08-23,1.0,synthetic,
NE-0077,news,Residents flag repeated thefts around GIFT City,GIFT City,23.1645,72.682,2026-08-27T00:40:00,2026-08-27,2026-08-27,1.0,synthetic,
NE-0078,news,Residents flag repeated thefts around Akshardham (Sector 20),Akshardham (Sector 20),23.238,72.66,2026-08-31T05:29:00,2026-08-31,2026-08-31,1.0,synthetic,
NE-0079,news,Late-night assault near Kudasan; two detained,Kudasan,23.192,72.636,2026-08-31T15:07:00,2026-08-31,2026-08-31,1.0,synthetic,
NE-0080,news,Residents flag repeated thefts around Akshardham (Sector 20),Akshardham (Sector 20),23.238,72.66,2026-09-04T04:18:00,2026-09-04,2026-09-04,1.0,synthetic,
NE-0081,festival,Janmashtami celebrations — Akshardham,Akshardham (Sector 20),23.238,72.66,2026-09-04T08:00:00,2026-09-04,2026-09-04,0.7,calendar,
NE-0082,news,Shop theft reported near GIFT City; police scan CCTV footage,GIFT City,23.1645,72.682,2026-09-04T20:23:00,2026-09-04,2026-09-04,1.0,synthetic,
NE-0083,news,Bike-borne duo snatch gold chain near Akshardham (Sector 20),Akshardham (Sector 20),23.238,72.66,2026-09-07T23:08:00,2026-09-07,2026-09-07,1.0,synthetic,
NE-0084,news,Shop theft reported near Sector 21 Market; police scan CCTV footage,Sector 21 Market,23.22,72.65,2026-09-13T01:42:00,2026-09-13,2026-09-13,1.0,synthetic,
NE-0085,news,Bike-borne duo snatch gold chain near Infocity,Infocity,23.188,72.629,2026-09-13T15:05:00,2026-09-13,2026-09-13,1.0,synthetic,
NE-0086,news,Residents flag repeated thefts around GIFT City,GIFT City,23.1645,72.682,2026-09-13T19:06:00,2026-09-13,2026-09-13,1.0,synthetic,
NE-0087,festival,Navratri Garba — Infocity,Infocity,23.188,72.629,2026-09-14T08:00:00,2026-09-14,2026-09-24,0.9,calendar,
NE-0088,festival,Navratri Garba — Sector 21 grounds,Sector 21 Market,23.22,72.65,2026-09-14T08:00:00,2026-09-14,2026-09-24,1.0,calendar,
NE-0089,advisory,Streetlight maintenance advisory — Infocity,Infocity,23.188,72.629,2026-09-18T08:00:00,2026-09-18,2026-09-22,0.3,calendar,
NE-0090,news,Pickpockets target crowded stretch near Infocity,Infocity,23.188,72.629,2026-09-18T20:28:00,2026-09-18,2026-09-18,1.0,synthetic,
NE-0091,event,Akshardham weekend footfall,Akshardham (Sector 20),23.238,72.66,2026-09-19T08:00:00,2026-09-19,2026-09-26,0.6,calendar,
NE-0092,news,Shop theft reported near Infocity; police scan CCTV footage,Infocity,23.188,72.629,2026-09-20T11:24:00,2026-09-20,2026-09-20,1.0,synthetic,
NE-0093,news,Pickpockets target crowded stretch near Sargasan Crossroads,Sargasan Crossroads,23.17,72.63,2026-09-20T14:40:00,2026-09-20,2026-09-20,1.0,synthetic,
NE-0094,event,GIFT City Business Summit,GIFT City,23.1645,72.682,2026-09-21T08:00:00,2026-09-21,2026-09-23,0.7,calendar,
